HD1763882348342,Tú,2,314000,2025-04-30,2025-04
HD1763884449806,Bảo,1,10000,2025-11-17,2025-11
HD1763884476314,Quân Hà,2,20000,2025-11-17,2025-11
HD1763884511809,Việt Hoàng,3,41400,2025-11-17,2025-11
HD1763884542224,Văn A,1,80500,2025-04-29,2025-04
HD1763884575337,Văn B,3,210000,2025-04-29,2025-04
HD1763884660054,Văn C,1,100000,2025-04-29,2025-04
HD1763884683247,Thị A,1,80000,2025-09-29,2025-09
HD1763884793335,Nguyễn Trung Kiên,1,80000,2025-09-29,2025-09
HD1763884944272,Văn M,1,157000,2025-04-30,2025-04
HD1763885185767,Văn N,1,157000,2025-04-30,2025-04
HD1763885228582,Quốc Tuấn,1,157000,2025-04-30,2025-04
HD1763885252438,Quốc Kang,1,157000,2025-04-30,2025-04
HD1763885277974,Sơn Tùng,1,13800,2025-11-17,2025-11
HD1763885313404,Khôi Nguyên,1,157000,2025-04-30,2025-04
HD1763885339877,Đức Tuân,1,157000,2025-04-30,2025-04
HD1763885413371,Khánh Linh,1,157000,2025-04-30,2025-04
HD1763885433836,Hoàng Linh,1,157000,2025-04-30,2025-04
HD1763885485179,Hoàng Hải,1,157000,2025-04-30,2025-04
HD1763885597485,Trà Mi,1,157000,2025-04-30,2025-04
HD1763885630052,Văn S,1,157000,2025-04-30,2025-04
HD1763885650659,Văn D,1,157000,2025-04-30,2025-04
HD1763885671860,Thị E,1,157000,2025-04-30,2025-04
HD1763885695155,Thị H,1,157000,2025-04-30,2025-04
HD1763885727717,Thị X,1,157000,2025-04-30,2025-04
HD1763885766475,Tuấn Dũng,1,10000,2025-11-17,2025-11
HD1763885809717,Mono,1,10000,2025-11-17,2025-11
HD1763885847603,Đức Dũng,1,10000,2025-11-17,2025-11
HD1763886089785,MaiLisa,1,10000,2025-11-17,2025-11
HD1763886139125,Đăng Quang,1,10000,2025-11-17,2025-11
